{
  "01_Launch_HomePage" : {
    "transaction" : "01_Launch_HomePage",
    "sampleCount" : 5,
    "errorCount" : 0,
    "errorPct" : 0.0,
    "meanResTime" : 2224.2,
    "medianResTime" : 2404.0,
    "minResTime" : 959.0,
    "maxResTime" : 3312.0,
    "pct1ResTime" : 3312.0,
    "pct2ResTime" : 3312.0,
    "pct3ResTime" : 3312.0,
    "throughput" : 0.03908479054460747,
    "receivedKBytesPerSec" : 0.12721641297380537,
    "sentKBytesPerSec" : 0.027634168314742
  },
  "Total" : {
    "transaction" : "Total",
    "sampleCount" : 20,
    "errorCount" : 0,
    "errorPct" : 0.0,
    "meanResTime" : 1345.3999999999999,
    "medianResTime" : 1056.5,
    "minResTime" : 298.0,
    "maxResTime" : 3312.0,
    "pct1ResTime" : 2843.7000000000007,
    "pct2ResTime" : 3290.3999999999996,
    "pct3ResTime" : 3312.0,
    "throughput" : 0.13756388122734495,
    "receivedKBytesPerSec" : 0.4181995725202391,
    "sentKBytesPerSec" : 0.06905062006919463
  },
  "01_Launch_HomePage-0" : {
    "transaction" : "01_Launch_HomePage-0",
    "sampleCount" : 5,
    "errorCount" : 0,
    "errorPct" : 0.0,
    "meanResTime" : 625.8,
    "medianResTime" : 317.0,
    "minResTime" : 298.0,
    "maxResTime" : 1789.0,
    "pct1ResTime" : 1789.0,
    "pct2ResTime" : 1789.0,
    "pct3ResTime" : 1789.0,
    "throughput" : 0.0395835807307129,
    "receivedKBytesPerSec" : 0.0062622461702885645,
    "sentKBytesPerSec" : 0.013993414281755929
  },
  "01_Launch_HomePage-1" : {
    "transaction" : "01_Launch_HomePage-1",
    "sampleCount" : 5,
    "errorCount" : 0,
    "errorPct" : 0.0,
    "meanResTime" : 1596.8,
    "medianResTime" : 1612.0,
    "minResTime" : 660.0,
    "maxResTime" : 2880.0,
    "pct1ResTime" : 2880.0,
    "pct2ResTime" : 2880.0,
    "pct3ResTime" : 2880.0,
    "throughput" : 0.03921722420487078,
    "receivedKBytesPerSec" : 0.12144318159535668,
    "sentKBytesPerSec" : 0.013863901525550022
  },
  "02_TR_Find_Fights" : {
    "transaction" : "02_TR_Find_Fights",
    "sampleCount" : 5,
    "errorCount" : 0,
    "errorPct" : 0.0,
    "meanResTime" : 934.8,
    "medianResTime" : 760.0,
    "minResTime" : 632.0,
    "maxResTime" : 1382.0,
    "pct1ResTime" : 1382.0,
    "pct2ResTime" : 1382.0,
    "pct3ResTime" : 1382.0,
    "throughput" : 0.03975826972010178,
    "receivedKBytesPerSec" : 0.22464975449268446,
    "sentKBytesPerSec" : 0.023606472646310432
  },
  "02_Find_Flight" : {
    "transaction" : "02_Find_Flight",
    "sampleCount" : 5,
    "errorCount" : 0,
    "errorPct" : 0.0,
    "meanResTime" : 934.8,
    "medianResTime" : 760.0,
    "minResTime" : 632.0,
    "maxResTime" : 1382.0,
    "pct1ResTime" : 1382.0,
    "pct2ResTime" : 1382.0,
    "pct3ResTime" : 1382.0,
    "throughput" : 0.04533132666660623,
    "receivedKBytesPerSec" : 0.2561397032158043,
    "sentKBytesPerSec" : 0.026915475208297443
  },
  "01_TR_Launch_HomePage" : {
    "transaction" : "01_TR_Launch_HomePage",
    "sampleCount" : 5,
    "errorCount" : 0,
    "errorPct" : 0.0,
    "meanResTime" : 2224.2,
    "medianResTime" : 2404.0,
    "minResTime" : 959.0,
    "maxResTime" : 3312.0,
    "pct1ResTime" : 3312.0,
    "pct2ResTime" : 3312.0,
    "pct3ResTime" : 3312.0,
    "throughput" : 0.039019213060510996,
    "receivedKBytesPerSec" : 0.12700296594793276,
    "sentKBytesPerSec" : 0.027587802984189416
  }
}