{
  "01_Launch_HomePage" : {
    "transaction" : "01_Launch_HomePage",
    "sampleCount" : 1,
    "errorCount" : 0,
    "errorPct" : 0.0,
    "meanResTime" : 5545.0,
    "medianResTime" : 5545.0,
    "minResTime" : 5545.0,
    "maxResTime" : 5545.0,
    "pct1ResTime" : 5545.0,
    "pct2ResTime" : 5545.0,
    "pct3ResTime" : 5545.0,
    "throughput" : 0.18034265103697025,
    "receivedKBytesPerSec" : 0.5869941952209198,
    "sentKBytesPerSec" : 0.12750788999098286
  },
  "Total" : {
    "transaction" : "Total",
    "sampleCount" : 4,
    "errorCount" : 0,
    "errorPct" : 0.0,
    "meanResTime" : 2955.75,
    "medianResTime" : 2769.0,
    "minResTime" : 740.0,
    "maxResTime" : 5545.0,
    "pct1ResTime" : 5545.0,
    "pct2ResTime" : 5545.0,
    "pct3ResTime" : 5545.0,
    "throughput" : 0.13580498404291438,
    "receivedKBytesPerSec" : 0.4128524563726489,
    "sentKBytesPerSec" : 0.068167736130916
  },
  "01_Launch_HomePage-0" : {
    "transaction" : "01_Launch_HomePage-0",
    "sampleCount" : 1,
    "errorCount" : 0,
    "errorPct" : 0.0,
    "meanResTime" : 1832.0,
    "medianResTime" : 1832.0,
    "minResTime" : 1832.0,
    "maxResTime" : 1832.0,
    "pct1ResTime" : 1832.0,
    "pct2ResTime" : 1832.0,
    "pct3ResTime" : 1832.0,
    "throughput" : 0.5458515283842794,
    "receivedKBytesPerSec" : 0.08635541757641921,
    "sentKBytesPerSec" : 0.1929670442139738
  },
  "01_Launch_HomePage-1" : {
    "transaction" : "01_Launch_HomePage-1",
    "sampleCount" : 1,
    "errorCount" : 0,
    "errorPct" : 0.0,
    "meanResTime" : 3706.0,
    "medianResTime" : 3706.0,
    "minResTime" : 3706.0,
    "maxResTime" : 3706.0,
    "pct1ResTime" : 3706.0,
    "pct2ResTime" : 3706.0,
    "pct3ResTime" : 3706.0,
    "throughput" : 0.26983270372369134,
    "receivedKBytesPerSec" : 0.8355854526443605,
    "sentKBytesPerSec" : 0.09539007690232056
  },
  "02_TR_Find_Fights" : {
    "transaction" : "02_TR_Find_Fights",
    "sampleCount" : 1,
    "errorCount" : 0,
    "errorPct" : 0.0,
    "meanResTime" : 740.0,
    "medianResTime" : 740.0,
    "minResTime" : 740.0,
    "maxResTime" : 740.0,
    "pct1ResTime" : 740.0,
    "pct2ResTime" : 740.0,
    "pct3ResTime" : 740.0,
    "throughput" : 1.3513513513513513,
    "receivedKBytesPerSec" : 7.635663006756757,
    "sentKBytesPerSec" : 0.8023648648648649
  },
  "02_Find_Flight" : {
    "transaction" : "02_Find_Flight",
    "sampleCount" : 1,
    "errorCount" : 0,
    "errorPct" : 0.0,
    "meanResTime" : 740.0,
    "medianResTime" : 740.0,
    "minResTime" : 740.0,
    "maxResTime" : 740.0,
    "pct1ResTime" : 740.0,
    "pct2ResTime" : 740.0,
    "pct3ResTime" : 740.0,
    "throughput" : 1.3513513513513513,
    "receivedKBytesPerSec" : 7.635663006756757,
    "sentKBytesPerSec" : 0.8023648648648649
  },
  "01_TR_Launch_HomePage" : {
    "transaction" : "01_TR_Launch_HomePage",
    "sampleCount" : 1,
    "errorCount" : 0,
    "errorPct" : 0.0,
    "meanResTime" : 5545.0,
    "medianResTime" : 5545.0,
    "minResTime" : 5545.0,
    "maxResTime" : 5545.0,
    "pct1ResTime" : 5545.0,
    "pct2ResTime" : 5545.0,
    "pct3ResTime" : 5545.0,
    "throughput" : 0.18034265103697025,
    "receivedKBytesPerSec" : 0.5869941952209198,
    "sentKBytesPerSec" : 0.12750788999098286
  }
}