{
  "01_Launch_HomePage" : {
    "transaction" : "01_Launch_HomePage",
    "sampleCount" : 1,
    "errorCount" : 0,
    "errorPct" : 0.0,
    "meanResTime" : 3563.0,
    "medianResTime" : 3563.0,
    "minResTime" : 3563.0,
    "maxResTime" : 3563.0,
    "pct1ResTime" : 3563.0,
    "pct2ResTime" : 3563.0,
    "pct3ResTime" : 3563.0,
    "throughput" : 0.280662363177098,
    "receivedKBytesPerSec" : 0.9135231020207689,
    "sentKBytesPerSec" : 0.19843706146505752
  },
  "Total" : {
    "transaction" : "Total",
    "sampleCount" : 4,
    "errorCount" : 0,
    "errorPct" : 0.0,
    "meanResTime" : 1922.5,
    "medianResTime" : 1779.0,
    "minResTime" : 569.0,
    "maxResTime" : 3563.0,
    "pct1ResTime" : 3563.0,
    "pct2ResTime" : 3563.0,
    "pct3ResTime" : 3563.0,
    "throughput" : 0.19022256039566293,
    "receivedKBytesPerSec" : 0.5782840141715808,
    "sentKBytesPerSec" : 0.09548280863610424
  },
  "01_Launch_HomePage-0" : {
    "transaction" : "01_Launch_HomePage-0",
    "sampleCount" : 1,
    "errorCount" : 0,
    "errorPct" : 0.0,
    "meanResTime" : 1749.0,
    "medianResTime" : 1749.0,
    "minResTime" : 1749.0,
    "maxResTime" : 1749.0,
    "pct1ResTime" : 1749.0,
    "pct2ResTime" : 1749.0,
    "pct3ResTime" : 1749.0,
    "throughput" : 0.5717552887364208,
    "receivedKBytesPerSec" : 0.09045347341337907,
    "sentKBytesPerSec" : 0.20212442824471125
  },
  "01_Launch_HomePage-1" : {
    "transaction" : "01_Launch_HomePage-1",
    "sampleCount" : 1,
    "errorCount" : 0,
    "errorPct" : 0.0,
    "meanResTime" : 1809.0,
    "medianResTime" : 1809.0,
    "minResTime" : 1809.0,
    "maxResTime" : 1809.0,
    "pct1ResTime" : 1809.0,
    "pct2ResTime" : 1809.0,
    "pct3ResTime" : 1809.0,
    "throughput" : 0.5527915975677169,
    "receivedKBytesPerSec" : 1.7118185116086235,
    "sentKBytesPerSec" : 0.19542046710889996
  },
  "02_TR_Find_Fights" : {
    "transaction" : "02_TR_Find_Fights",
    "sampleCount" : 1,
    "errorCount" : 0,
    "errorPct" : 0.0,
    "meanResTime" : 569.0,
    "medianResTime" : 569.0,
    "minResTime" : 569.0,
    "maxResTime" : 569.0,
    "pct1ResTime" : 569.0,
    "pct2ResTime" : 569.0,
    "pct3ResTime" : 569.0,
    "throughput" : 1.757469244288225,
    "receivedKBytesPerSec" : 9.930387741652021,
    "sentKBytesPerSec" : 1.0434973637961336
  },
  "02_Find_Flight" : {
    "transaction" : "02_Find_Flight",
    "sampleCount" : 1,
    "errorCount" : 0,
    "errorPct" : 0.0,
    "meanResTime" : 569.0,
    "medianResTime" : 569.0,
    "minResTime" : 569.0,
    "maxResTime" : 569.0,
    "pct1ResTime" : 569.0,
    "pct2ResTime" : 569.0,
    "pct3ResTime" : 569.0,
    "throughput" : 1.757469244288225,
    "receivedKBytesPerSec" : 9.930387741652021,
    "sentKBytesPerSec" : 1.0434973637961336
  },
  "01_TR_Launch_HomePage" : {
    "transaction" : "01_TR_Launch_HomePage",
    "sampleCount" : 1,
    "errorCount" : 0,
    "errorPct" : 0.0,
    "meanResTime" : 3563.0,
    "medianResTime" : 3563.0,
    "minResTime" : 3563.0,
    "maxResTime" : 3563.0,
    "pct1ResTime" : 3563.0,
    "pct2ResTime" : 3563.0,
    "pct3ResTime" : 3563.0,
    "throughput" : 0.280662363177098,
    "receivedKBytesPerSec" : 0.9135231020207689,
    "sentKBytesPerSec" : 0.19843706146505752
  }
}